window_size,Machining_Process,num_windows,k,silhouette_score,davies_bouldin_score,calinski_harabasz_score,bic,aic,cluster_sizes
10,Layer 1 Down,461,2,0.3741716363983285,2.156862532262539,84.96259776566448,43623.51392202328,40502.79839956081,"{np.int64(0): np.int64(106), np.int64(1): np.int64(355)}"
10,Layer 1 Down,461,3,0.3075012671231874,1.8485158295546513,84.58363276289263,44356.25497939931,39673.114996684104,"{np.int64(0): np.int64(95), np.int64(1): np.int64(299), np.int64(2): np.int64(67)}"
10,Layer 1 Down,461,4,0.30689613550773326,1.7475915051436233,77.54759862466229,45147.243725900924,38901.679282932986,"{np.int64(0): np.int64(93), np.int64(1): np.int64(292), np.int64(2): np.int64(66), np.int64(3): np.int64(10)}"
10,Layer 1 Down,461,5,0.3342178058330857,1.731450679329603,75.13340037963307,41197.852458298046,33389.863555077376,"{np.int64(0): np.int64(60), np.int64(1): np.int64(281), np.int64(2): np.int64(34), np.int64(3): np.int64(10), np.int64(4): np.int64(76)}"
10,Layer 1 Down,461,6,0.34136600936686895,1.6318872322956224,77.25117147045515,43293.70883408139,33923.29547060799,"{np.int64(0): np.int64(31), np.int64(1): np.int64(287), np.int64(2): np.int64(33), np.int64(3): np.int64(11), np.int64(4): np.int64(68), np.int64(5): np.int64(31)}"
10,Layer 1 Down,461,7,0.13249722097487274,2.4398667497008284,65.37767814158595,41404.71636076119,30471.878537035056,"{np.int64(0): np.int64(225), np.int64(1): np.int64(64), np.int64(2): np.int64(33), np.int64(3): np.int64(10), np.int64(4): np.int64(66), np.int64(5): np.int64(32), np.int64(6): np.int64(31)}"
10,Layer 1 Down,461,8,0.3318624344016239,1.526646840573119,68.49783242017679,41043.00632421991,28547.744040241043,"{np.int64(0): np.int64(27), np.int64(1): np.int64(274), np.int64(2): np.int64(33), np.int64(3): np.int64(66), np.int64(4): np.int64(23), np.int64(5): np.int64(13), np.int64(6): np.int64(19), np.int64(7): np.int64(6)}"
10,Layer 1 Down,461,9,0.33281486721722164,1.4846088325837767,69.45548305045556,39012.075152923935,24954.388408692328,"{np.int64(0): np.int64(30), np.int64(1): np.int64(269), np.int64(2): np.int64(33), np.int64(3): np.int64(62), np.int64(4): np.int64(20), np.int64(5): np.int64(14), np.int64(6): np.int64(17), np.int64(7): np.int64(6), np.int64(8): np.int64(10)}"
10,Layer 1 Up,675,2,0.2823506396836658,2.565695699890718,89.75980704912595,65471.15825793424,61547.872929566016,"{np.int64(0): np.int64(217), np.int64(1): np.int64(458)}"
10,Layer 1 Up,675,3,0.22855848511961632,2.0946077217802763,96.02512210163873,63595.37961235427,57708.19426345649,"{np.int64(0): np.int64(153), np.int64(1): np.int64(151), np.int64(2): np.int64(371)}"
10,Layer 1 Up,675,4,0.18914945365526,2.4261363072180897,79.49376592496203,66519.57251198267,58668.487142555336,"{np.int64(0): np.int64(114), np.int64(1): np.int64(56), np.int64(2): np.int64(382), np.int64(3): np.int64(123)}"
10,Layer 1 Up,675,5,0.20455150311441161,2.271212284365555,73.60496908229797,63972.07319282371,54157.08780286683,"{np.int64(0): np.int64(113), np.int64(1): np.int64(52), np.int64(2): np.int64(363), np.int64(3): np.int64(127), np.int64(4): np.int64(20)}"
10,Layer 1 Up,675,6,0.09047617621381458,2.243021740932328,63.69210287868189,71059.52841232435,59280.64300183792,"{np.int64(0): np.int64(48), np.int64(1): np.int64(280), np.int64(2): np.int64(91), np.int64(3): np.int64(94), np.int64(4): np.int64(21), np.int64(5): np.int64(141)}"
10,Layer 1 Up,675,7,0.11969665746638809,2.229833724073281,75.91334322934865,63355.91776603943,49613.132335023445,"{np.int64(0): np.int64(36), np.int64(1): np.int64(252), np.int64(2): np.int64(138), np.int64(3): np.int64(121), np.int64(4): np.int64(22), np.int64(5): np.int64(80), np.int64(6): np.int64(26)}"
10,Layer 1 Up,675,8,0.12334046607296004,1.945992417472558,63.10125839110424,64750.4532875891,49043.76783604357,"{np.int64(0): np.int64(107), np.int64(1): np.int64(298), np.int64(2): np.int64(121), np.int64(3): np.int64(85), np.int64(4): np.int64(12), np.int64(5): np.int64(29), np.int64(6): np.int64(16), np.int64(7): np.int64(7)}"
10,Layer 1 Up,675,9,0.1399313430515298,1.8025046033541317,70.55710115919584,63778.49083530843,46107.90536323335,"{np.int64(0): np.int64(22), np.int64(1): np.int64(291), np.int64(2): np.int64(119), np.int64(3): np.int64(85), np.int64(4): np.int64(12), np.int64(5): np.int64(29), np.int64(6): np.int64(17), np.int64(7): np.int64(7), np.int64(8): np.int64(93)}"
10,Layer 2 Down,448,2,0.5184048514041727,1.29881672552298,84.32385677117317,47538.60705460855,44661.14699868564,"{np.int64(0): np.int64(421), np.int64(1): np.int64(27)}"
10,Layer 2 Down,448,3,0.3243462452721108,1.6826281923256872,91.92386148040555,42554.75519781203,38236.51271731147,"{np.int64(0): np.int64(308), np.int64(1): np.int64(27), np.int64(2): np.int64(113)}"
10,Layer 2 Down,448,4,0.33028556586253266,1.5343709248088095,83.04694131734226,38552.653083184596,32793.62817810637,"{np.int64(0): np.int64(307), np.int64(1): np.int64(20), np.int64(2): np.int64(108), np.int64(3): np.int64(13)}"
10,Layer 2 Down,448,5,0.3170089283349772,1.7165481017761135,80.40166800416343,35962.60132434014,28762.79399468426,"{np.int64(0): np.int64(266), np.int64(1): np.int64(20), np.int64(2): np.int64(87), np.int64(3): np.int64(11), np.int64(4): np.int64(64)}"
10,Layer 2 Down,448,6,0.3203415699933399,1.5583238309504701,70.27997301023798,37309.13839297411,28668.54863874057,"{np.int64(0): np.int64(266), np.int64(1): np.int64(20), np.int64(2): np.int64(87), np.int64(3): np.int64(8), np.int64(4): np.int64(64), np.int64(5): np.int64(3)}"
10,Layer 2 Down,448,7,0.3360000889536688,1.473360124328959,72.55331357606141,37618.06051506963,27536.688336258427,"{np.int64(0): np.int64(269), np.int64(1): np.int64(20), np.int64(2): np.int64(26), np.int64(3): np.int64(8), np.int64(4): np.int64(49), np.int64(5): np.int64(3), np.int64(6): np.int64(73)}"
10,Layer 2 Down,448,8,0.35508069104327306,1.2044919008544919,72.29775894774818,38831.65625792192,27309.501654533058,"{np.int64(0): np.int64(285), np.int64(1): np.int64(20), np.int64(2): np.int64(26), np.int64(3): np.int64(6), np.int64(4): np.int64(72), np.int64(5): np.int64(16), np.int64(6): np.int64(1), np.int64(7): np.int64(22)}"
10,Layer 2 Down,448,9,0.20633237453593287,1.3350422158621202,70.67580453751026,39300.0855708312,26337.148542864677,"{np.int64(0): np.int64(198), np.int64(1): np.int64(20), np.int64(2): np.int64(26), np.int64(3): np.int64(6), np.int64(4): np.int64(72), np.int64(5): np.int64(16), np.int64(6): np.int64(1), np.int64(7): np.int64(22), np.int64(8): np.int64(87)}"
10,Layer 2 Up,567,2,0.2275701917799248,2.6715673734578647,56.63744423185466,53076.980438126346,50034.388566213194,"{np.int64(0): np.int64(170), np.int64(1): np.int64(397)}"
10,Layer 2 Up,567,3,0.28388390495252736,1.7494025228251917,93.92340203606088,52829.99458716829,48263.936599646695,"{np.int64(0): np.int64(149), np.int64(1): np.int64(416), np.int64(2): np.int64(2)}"
10,Layer 2 Up,567,4,0.2677606214647546,2.0532896099201228,78.40685767562523,49183.53509777585,43094.01099464581,"{np.int64(0): np.int64(69), np.int64(1): np.int64(81), np.int64(2): np.int64(2), np.int64(3): np.int64(415)}"
10,Layer 2 Up,567,5,0.31958248478161116,1.6817733015959078,103.95229709487616,48277.627792935,40664.637574196524,"{np.int64(0): np.int64(29), np.int64(1): np.int64(70), np.int64(2): np.int64(2), np.int64(3): np.int64(362), np.int64(4): np.int64(104)}"
10,Layer 2 Up,567,6,0.3374870202824793,1.6760729867792887,104.164900248735,49637.49530156378,40501.03896721686,"{np.int64(0): np.int64(27), np.int64(1): np.int64(28), np.int64(2): np.int64(2), np.int64(3): np.int64(372), np.int64(4): np.int64(102), np.int64(5): np.int64(36)}"
10,Layer 2 Up,567,7,0.24610282750008758,1.8855817406841557,96.08415116446635,46176.21282664797,35516.29037669262,"{np.int64(0): np.int64(20), np.int64(1): np.int64(79), np.int64(2): np.int64(2), np.int64(3): np.int64(311), np.int64(4): np.int64(80), np.int64(5): np.int64(40), np.int64(6): np.int64(35)}"
10,Layer 2 Up,567,8,0.23781172816929178,1.95203866759039,88.05911642256717,47994.94308942756,35811.55452386376,"{np.int64(0): np.int64(4), np.int64(1): np.int64(84), np.int64(2): np.int64(2), np.int64(3): np.int64(312), np.int64(4): np.int64(12), np.int64(5): np.int64(28), np.int64(6): np.int64(23), np.int64(7): np.int64(102)}"
10,Layer 2 Up,567,9,0.2353054576855098,1.745933635872668,82.8475817031932,48494.82267102277,34787.96798985053,"{np.int64(0): np.int64(2), np.int64(1): np.int64(86), np.int64(2): np.int64(2), np.int64(3): np.int64(307), np.int64(4): np.int64(4), np.int64(5): np.int64(29), np.int64(6): np.int64(20), np.int64(7): np.int64(106), np.int64(8): np.int64(11)}"
10,Layer 3 Down,424,2,0.3356944479771813,1.9071601522466815,71.8732292181664,44035.46356750978,40977.914808809655,"{np.int64(0): np.int64(334), np.int64(1): np.int64(90)}"
10,Layer 3 Down,424,3,0.33685415009927366,1.970212973964067,54.82972748949647,43002.31655454469,38413.96854976688,"{np.int64(0): np.int64(322), np.int64(1): np.int64(71), np.int64(2): np.int64(31)}"
10,Layer 3 Down,424,4,0.34555996959251367,1.695421001264857,66.50431599526881,39223.387472857205,33104.24022200171,"{np.int64(0): np.int64(312), np.int64(1): np.int64(62), np.int64(2): np.int64(31), np.int64(3): np.int64(19)}"
10,Layer 3 Down,424,5,0.3486964723654416,1.7326327216049822,64.57160250935439,38188.137532437664,30538.191035504497,"{np.int64(0): np.int64(280), np.int64(1): np.int64(58), np.int64(2): np.int64(31), np.int64(3): np.int64(18), np.int64(4): np.int64(37)}"
10,Layer 3 Down,424,6,0.20250948582615735,1.9324179899936456,58.50733071845871,36102.96722131656,26922.221478305717,"{np.int64(0): np.int64(235), np.int64(1): np.int64(58), np.int64(2): np.int64(31), np.int64(3): np.int64(10), np.int64(4): np.int64(17), np.int64(5): np.int64(73)}"
10,Layer 3 Down,424,7,0.23814400425960514,1.747332869516002,61.480493883967654,33441.30089378082,22729.755904692287,"{np.int64(0): np.int64(240), np.int64(1): np.int64(55), np.int64(2): np.int64(22), np.int64(3): np.int64(10), np.int64(4): np.int64(12), np.int64(5): np.int64(68), np.int64(6): np.int64(17)}"
10,Layer 3 Down,424,8,0.22728027183036886,1.7840343014962157,58.67030680466617,35123.22200820974,22880.877773043532,"{np.int64(0): np.int64(246), np.int64(1): np.int64(54), np.int64(2): np.int64(6), np.int64(3): np.int64(22), np.int64(4): np.int64(16), np.int64(5): np.int64(13), np.int64(6): np.int64(11), np.int64(7): np.int64(56)}"
10,Layer 3 Down,424,9,0.21381018131873053,1.762756546922981,55.677863555841206,34571.77939358292,20798.63591233903,"{np.int64(0): np.int64(239), np.int64(1): np.int64(47), np.int64(2): np.int64(6), np.int64(3): np.int64(22), np.int64(4): np.int64(16), np.int64(5): np.int64(13), np.int64(6): np.int64(11), np.int64(7): np.int64(61), np.int64(8): np.int64(9)}"
10,Layer 3 Up,497,2,0.2832264959544769,1.903513227174863,87.55945536990573,52572.36315164491,49394.87768194196,"{np.int64(0): np.int64(349), np.int64(1): np.int64(148)}"
10,Layer 3 Up,497,3,0.3064897287102243,1.724185621737946,74.30509284333928,49880.31618203994,45111.98368247246,"{np.int64(0): np.int64(343), np.int64(1): np.int64(100), np.int64(2): np.int64(54)}"
10,Layer 3 Up,497,4,0.3402991627866285,1.667787140405621,88.58262433972494,42773.13661500503,36413.95708557303,"{np.int64(0): np.int64(41), np.int64(1): np.int64(97), np.int64(2): np.int64(54), np.int64(3): np.int64(305)}"
10,Layer 3 Up,497,5,0.19902977630814753,1.9270562231629687,70.95112630507244,43475.36490327171,35525.33834397518,"{np.int64(0): np.int64(62), np.int64(1): np.int64(91), np.int64(2): np.int64(48), np.int64(3): np.int64(249), np.int64(4): np.int64(47)}"
10,Layer 3 Up,497,6,0.3485901951226256,1.5523703545035492,83.78600247993647,41441.42255402962,31900.54896486856,"{np.int64(0): np.int64(27), np.int64(1): np.int64(87), np.int64(2): np.int64(45), np.int64(3): np.int64(301), np.int64(4): np.int64(14), np.int64(5): np.int64(23)}"
10,Layer 3 Up,497,7,0.3397170844669573,1.4506964120310124,72.27092479078206,40900.11239135436,29768.39177232878,"{np.int64(0): np.int64(27), np.int64(1): np.int64(88), np.int64(2): np.int64(11), np.int64(3): np.int64(301), np.int64(4): np.int64(14), np.int64(5): np.int64(23), np.int64(6): np.int64(33)}"
10,Layer 3 Up,497,8,0.17346360111012973,1.6915021010194198,61.860845732646155,42090.15762935867,29367.58998046856,"{np.int64(0): np.int64(49), np.int64(1): np.int64(88), np.int64(2): np.int64(31), np.int64(3): np.int64(21), np.int64(4): np.int64(23), np.int64(5): np.int64(45), np.int64(6): np.int64(23), np.int64(7): np.int64(217)}"
10,Layer 3 Up,497,9,0.1990047775707346,1.6985886402487322,63.45400523538548,38433.74677536141,24120.332096606777,"{np.int64(0): np.int64(54), np.int64(1): np.int64(91), np.int64(2): np.int64(19), np.int64(3): np.int64(21), np.int64(4): np.int64(12), np.int64(5): np.int64(43), np.int64(6): np.int64(14), np.int64(7): np.int64(229), np.int64(8): np.int64(14)}"
20,Layer 1 Down,218,2,0.39939282059566344,1.7316258998197396,60.22275174824779,21336.48052580983,19471.623746213045,"{np.int64(0): np.int64(170), np.int64(1): np.int64(48)}"
20,Layer 1 Down,218,3,0.2630264521753497,1.5584817002240265,50.83975725981396,21153.601613837618,18354.62419691104,"{np.int64(0): np.int64(133), np.int64(1): np.int64(38), np.int64(2): np.int64(47)}"
20,Layer 1 Down,218,4,0.2832136238793004,1.4094703882326034,47.252465324655326,20534.089616471712,16800.991562215346,"{np.int64(0): np.int64(125), np.int64(1): np.int64(38), np.int64(2): np.int64(51), np.int64(3): np.int64(4)}"
20,Layer 1 Down,218,5,0.28183906559267086,1.2863436476239674,43.82133708697616,20281.69615006969,15614.477458483536,"{np.int64(0): np.int64(126), np.int64(1): np.int64(35), np.int64(2): np.int64(7), np.int64(3): np.int64(4), np.int64(4): np.int64(46)}"
20,Layer 1 Down,218,6,0.2938886155572593,1.4747569788777808,42.01438651628963,19241.8689316604,13640.529602744458,"{np.int64(0): np.int64(125), np.int64(1): np.int64(12), np.int64(2): np.int64(7), np.int64(3): np.int64(4), np.int64(4): np.int64(46), np.int64(5): np.int64(24)}"
20,Layer 1 Down,218,7,0.30528797918971,1.3699456057619899,41.560660777740225,17998.14611401612,11462.686147770388,"{np.int64(0): np.int64(123), np.int64(1): np.int64(12), np.int64(2): np.int64(7), np.int64(3): np.int64(4), np.int64(4): np.int64(45), np.int64(5): np.int64(7), np.int64(6): np.int64(20)}"
20,Layer 1 Down,218,8,0.2988637766053372,1.3945812569032539,40.16481149263966,16373.612160350584,8904.031556775064,"{np.int64(0): np.int64(121), np.int64(1): np.int64(11), np.int64(2): np.int64(41), np.int64(3): np.int64(16), np.int64(4): np.int64(8), np.int64(5): np.int64(4), np.int64(6): np.int64(12), np.int64(7): np.int64(5)}"
20,Layer 1 Down,218,9,0.309501690495317,1.312111494178297,39.96929569417506,15992.498666340916,7588.797425435609,"{np.int64(0): np.int64(121), np.int64(1): np.int64(12), np.int64(2): np.int64(41), np.int64(3): np.int64(8), np.int64(4): np.int64(8), np.int64(5): np.int64(4), np.int64(6): np.int64(12), np.int64(7): np.int64(5), np.int64(8): np.int64(7)}"
20,Layer 1 Up,324,2,0.27553465190199267,2.4366852752367927,48.356635224503194,35287.192453089505,32221.009461781923,"{np.int64(0): np.int64(111), np.int64(1): np.int64(213)}"
20,Layer 1 Up,324,3,0.3243439426063458,2.2809106111348822,44.07081841104631,34915.30999564544,30314.14513692617,"{np.int64(0): np.int64(70), np.int64(1): np.int64(225), np.int64(2): np.int64(29)}"
20,Layer 1 Up,324,4,0.22403809077931267,1.9682360505750482,49.57629612180893,34578.78172739804,28442.63500126709,"{np.int64(0): np.int64(52), np.int64(1): np.int64(79), np.int64(2): np.int64(29), np.int64(3): np.int64(164)}"
20,Layer 1 Up,324,5,0.23933987202488183,1.6529625995412123,47.38820220057622,32602.70764049862,24931.579046955983,"{np.int64(0): np.int64(52), np.int64(1): np.int64(78), np.int64(2): np.int64(15), np.int64(3): np.int64(166), np.int64(4): np.int64(13)}"
20,Layer 1 Up,324,6,0.25231471432432584,1.856230987020014,44.812388952808924,31949.124156967137,22743.013696012815,"{np.int64(0): np.int64(16), np.int64(1): np.int64(77), np.int64(2): np.int64(15), np.int64(3): np.int64(176), np.int64(4): np.int64(14), np.int64(5): np.int64(26)}"
20,Layer 1 Up,324,7,0.25590023219744673,1.6726556011817182,42.33245235143599,33949.4078633795,23208.315535013488,"{np.int64(0): np.int64(17), np.int64(1): np.int64(73), np.int64(2): np.int64(15), np.int64(3): np.int64(174), np.int64(4): np.int64(14), np.int64(5): np.int64(29), np.int64(6): np.int64(2)}"
20,Layer 1 Up,324,8,0.2522996205757741,1.630977804163917,39.770662585688136,31973.36969897105,19697.29550319336,"{np.int64(0): np.int64(16), np.int64(1): np.int64(75), np.int64(2): np.int64(17), np.int64(3): np.int64(167), np.int64(4): np.int64(27), np.int64(5): np.int64(2), np.int64(6): np.int64(10), np.int64(7): np.int64(10)}"
20,Layer 1 Up,324,9,0.24941461852028596,1.5575580045628874,39.45361238917431,30596.701632347627,16785.645569158245,"{np.int64(0): np.int64(13), np.int64(1): np.int64(66), np.int64(2): np.int64(17), np.int64(3): np.int64(166), np.int64(4): np.int64(25), np.int64(5): np.int64(2), np.int64(6): np.int64(10), np.int64(7): np.int64(11), np.int64(8): np.int64(14)}"
20,Layer 2 Down,213,2,0.4657034268688054,1.392893220525567,45.36166279277497,20582.864373340144,18730.79239003425,"{np.int64(0): np.int64(19), np.int64(1): np.int64(194)}"
20,Layer 2 Down,213,3,0.4377236561122521,1.5828265089326532,45.89900811553027,19200.014276162223,16420.22565512053,"{np.int64(0): np.int64(32), np.int64(1): np.int64(168), np.int64(2): np.int64(13)}"
20,Layer 2 Down,213,4,0.43711466343242467,1.1422093432028746,36.70512711433254,17774.77067166668,14067.265412889183,"{np.int64(0): np.int64(9), np.int64(1): np.int64(183), np.int64(2): np.int64(8), np.int64(3): np.int64(13)}"
20,Layer 2 Down,213,5,0.31816333890033466,1.342319903587811,43.70726537065667,16700.8916760751,12065.669779561802,"{np.int64(0): np.int64(9), np.int64(1): np.int64(128), np.int64(2): np.int64(8), np.int64(3): np.int64(11), np.int64(4): np.int64(57)}"
20,Layer 2 Down,213,6,0.32071556798037093,1.240610748036583,37.622112384413136,17326.352360223005,11763.413825973905,"{np.int64(0): np.int64(9), np.int64(1): np.int64(128), np.int64(2): np.int64(8), np.int64(3): np.int64(4), np.int64(4): np.int64(57), np.int64(5): np.int64(7)}"
20,Layer 2 Down,213,7,0.3207788028120605,1.1903995867040211,43.84650319025941,16382.844889798613,9892.189717813711,"{np.int64(0): np.int64(8), np.int64(1): np.int64(125), np.int64(2): np.int64(8), np.int64(3): np.int64(4), np.int64(4): np.int64(45), np.int64(5): np.int64(7), np.int64(6): np.int64(16)}"
20,Layer 2 Down,213,8,0.3084128755452287,1.28589896628197,40.62672042484511,15716.043993550446,8297.672183829744,"{np.int64(0): np.int64(8), np.int64(1): np.int64(125), np.int64(2): np.int64(4), np.int64(3): np.int64(7), np.int64(4): np.int64(7), np.int64(5): np.int64(14), np.int64(6): np.int64(39), np.int64(7): np.int64(9)}"
20,Layer 2 Down,213,9,0.31452728622310083,1.3046857649340013,39.29539984037598,14954.096581978258,6608.008134521755,"{np.int64(0): np.int64(8), np.int64(1): np.int64(116), np.int64(2): np.int64(4), np.int64(3): np.int64(7), np.int64(4): np.int64(7), np.int64(5): np.int64(14), np.int64(6): np.int64(38), np.int64(7): np.int64(9), np.int64(8): np.int64(10)}"
20,Layer 2 Up,273,2,0.37835698151510694,1.9832000821254385,48.655860331085655,24931.459159737802,22769.385554422013,"{np.int64(0): np.int64(218), np.int64(1): np.int64(55)}"
20,Layer 2 Up,273,3,0.3966090218452487,1.4227184124624792,60.42085680446768,25150.03442167821,21905.11927780693,"{np.int64(0): np.int64(217), np.int64(1): np.int64(54), np.int64(2): np.int64(2)}"
20,Layer 2 Up,273,4,0.31817671454387025,1.2920883351528087,68.9379091818835,25714.81924860454,21387.062566177774,"{np.int64(0): np.int64(168), np.int64(1): np.int64(40), np.int64(2): np.int64(2), np.int64(3): np.int64(63)}"
20,Layer 2 Up,273,5,0.1245755438040141,1.6321523441175745,56.77040702382571,26111.444814210372,20700.846593228118,"{np.int64(0): np.int64(85), np.int64(1): np.int64(39), np.int64(2): np.int64(2), np.int64(3): np.int64(62), np.int64(4): np.int64(85)}"
20,Layer 2 Up,273,6,0.1449093761069496,1.582900078387124,60.0255940124128,25166.470756776336,18673.030997238595,"{np.int64(0): np.int64(83), np.int64(1): np.int64(16), np.int64(2): np.int64(2), np.int64(3): np.int64(59), np.int64(4): np.int64(84), np.int64(5): np.int64(29)}"
20,Layer 2 Up,273,7,0.13589290717080865,1.5871081655316421,54.909363773949075,23930.138973934045,16353.857675840814,"{np.int64(0): np.int64(71), np.int64(1): np.int64(16), np.int64(2): np.int64(2), np.int64(3): np.int64(59), np.int64(4): np.int64(84), np.int64(5): np.int64(19), np.int64(6): np.int64(22)}"
20,Layer 2 Up,273,8,0.3301153436934502,1.4229582945563657,54.96699955754853,21958.763037877725,13299.640201229007,"{np.int64(0): np.int64(152), np.int64(1): np.int64(2), np.int64(2): np.int64(13), np.int64(3): np.int64(51), np.int64(4): np.int64(24), np.int64(5): np.int64(8), np.int64(6): np.int64(15), np.int64(7): np.int64(8)}"
20,Layer 2 Up,273,9,0.16995492479825164,1.6332908117768996,51.91854414066197,21778.59149323093,12036.627118026727,"{np.int64(0): np.int64(79), np.int64(1): np.int64(2), np.int64(2): np.int64(10), np.int64(3): np.int64(51), np.int64(4): np.int64(18), np.int64(5): np.int64(9), np.int64(6): np.int64(13), np.int64(7): np.int64(8), np.int64(8): np.int64(83)}"
20,Layer 3 Down,201,2,0.4711084003406778,1.5541682536338244,37.59324551702909,18928.537667432473,17108.41666309192,"{np.int64(0): np.int64(17), np.int64(1): np.int64(184)}"
20,Layer 3 Down,201,3,0.3182436201985271,1.7556705821149077,24.41573678323535,19746.68395489933,17014.850795934475,"{np.int64(0): np.int64(4), np.int64(1): np.int64(169), np.int64(2): np.int64(28)}"
20,Layer 3 Down,201,4,0.33628845289167647,1.6195039412503818,26.458999398419166,18595.364875145395,14951.819561556236,"{np.int64(0): np.int64(4), np.int64(1): np.int64(167), np.int64(2): np.int64(22), np.int64(3): np.int64(8)}"
20,Layer 3 Down,201,5,0.35353348090181885,1.5164001663529376,31.431360424717354,17443.154300949554,12887.896832736089,"{np.int64(0): np.int64(4), np.int64(1): np.int64(139), np.int64(2): np.int64(13), np.int64(3): np.int64(8), np.int64(4): np.int64(37)}"
20,Layer 3 Down,201,6,0.35495525600424865,1.5080686642645933,27.473020594015452,18114.375998473326,12647.406375635555,"{np.int64(0): np.int64(4), np.int64(1): np.int64(139), np.int64(2): np.int64(12), np.int64(3): np.int64(4), np.int64(4): np.int64(37), np.int64(5): np.int64(5)}"
20,Layer 3 Down,201,7,0.3205197931071315,1.4136417071149139,30.58761156662574,16685.033004574176,10306.3512271121,"{np.int64(0): np.int64(4), np.int64(1): np.int64(128), np.int64(2): np.int64(11), np.int64(3): np.int64(4), np.int64(4): np.int64(41), np.int64(5): np.int64(5), np.int64(6): np.int64(8)}"
20,Layer 3 Down,201,8,0.3074814582040536,1.4002461313050407,30.52667823170241,15825.595417507575,8535.201485421194,"{np.int64(0): np.int64(4), np.int64(1): np.int64(122), np.int64(2): np.int64(32), np.int64(3): np.int64(6), np.int64(4): np.int64(5), np.int64(5): np.int64(8), np.int64(6): np.int64(16), np.int64(7): np.int64(8)}"
20,Layer 3 Down,201,9,0.3123330782106176,1.3445340759178843,29.59610530221175,15718.106405979457,7516.000319268773,"{np.int64(0): np.int64(4), np.int64(1): np.int64(120), np.int64(2): np.int64(31), np.int64(3): np.int64(6), np.int64(4): np.int64(5), np.int64(5): np.int64(8), np.int64(6): np.int64(15), np.int64(7): np.int64(7), np.int64(8): np.int64(5)}"
20,Layer 3 Up,239,2,0.23482220640665938,1.9825235973624311,43.07507944809724,24011.191986980462,21928.790319373486,"{np.int64(0): np.int64(141), np.int64(1): np.int64(98)}"
20,Layer 3 Up,239,3,0.244517296906362,1.765159955891523,34.7088727255662,22975.452556832555,19850.111823646126,"{np.int64(0): np.int64(141), np.int64(1): np.int64(82), np.int64(2): np.int64(16)}"
20,Layer 3 Up,239,4,0.27956878316746603,1.493016261743537,49.382229478568874,20836.81499341722,16668.53519465134,"{np.int64(0): np.int64(125), np.int64(1): np.int64(77), np.int64(2): np.int64(16), np.int64(3): np.int64(21)}"
20,Layer 3 Up,239,5,0.28621901671423294,1.5281582289459021,43.85507928104176,19354.467516458917,14143.248652113582,"{np.int64(0): np.int64(122), np.int64(1): np.int64(77), np.int64(2): np.int64(14), np.int64(3): np.int64(17), np.int64(4): np.int64(9)}"
20,Layer 3 Up,239,6,0.2898295024664419,1.665344930333646,38.51521717142455,18155.199826176533,11901.041896251743,"{np.int64(0): np.int64(121), np.int64(1): np.int64(76), np.int64(2): np.int64(14), np.int64(3): np.int64(10), np.int64(4): np.int64(9), np.int64(5): np.int64(9)}"
20,Layer 3 Up,239,7,0.29901697441352987,1.4556434334855932,40.72769477235644,18296.954659955594,10999.857664451352,"{np.int64(0): np.int64(121), np.int64(1): np.int64(70), np.int64(2): np.int64(14), np.int64(3): np.int64(7), np.int64(4): np.int64(9), np.int64(5): np.int64(7), np.int64(6): np.int64(11)}"
20,Layer 3 Up,239,8,0.30495548717550086,1.3250943419490206,36.93347405061972,20907.67443035485,12567.638369271157,"{np.int64(0): np.int64(126), np.int64(1): np.int64(71), np.int64(2): np.int64(16), np.int64(3): np.int64(2), np.int64(4): np.int64(4), np.int64(5): np.int64(8), np.int64(6): np.int64(5), np.int64(7): np.int64(7)}"
20,Layer 3 Up,239,9,0.16811775680648064,1.5866495434016759,34.3421440124381,21217.68553555761,11834.710408894465,"{np.int64(0): np.int64(45), np.int64(1): np.int64(69), np.int64(2): np.int64(16), np.int64(3): np.int64(2), np.int64(4): np.int64(4), np.int64(5): np.int64(8), np.int64(6): np.int64(5), np.int64(7): np.int64(7), np.int64(8): np.int64(83)}"
30,Layer 1 Down,138,2,0.38478903210372295,1.6823897371153531,42.64182947146173,13547.34518432667,12069.082073322283,"{np.int64(0): np.int64(103), np.int64(1): np.int64(35)}"
30,Layer 1 Down,138,3,0.3933092673546613,1.6994332380986412,30.48956853464288,11516.956229553722,9298.09793620456,"{np.int64(0): np.int64(111), np.int64(1): np.int64(13), np.int64(2): np.int64(14)}"
30,Layer 1 Down,138,4,0.40919309495526834,1.5489368813036,29.167270885057537,10584.190760827772,7624.737285133839,"{np.int64(0): np.int64(103), np.int64(1): np.int64(9), np.int64(2): np.int64(9), np.int64(3): np.int64(17)}"
30,Layer 1 Down,138,5,0.26711662438973305,1.5088544374573065,29.136231768964077,11025.948138486463,7325.899480447755,"{np.int64(0): np.int64(75), np.int64(1): np.int64(6), np.int64(2): np.int64(7), np.int64(3): np.int64(15), np.int64(4): np.int64(35)}"
30,Layer 1 Down,138,6,0.2468593040072217,1.558358694105369,26.004654619217003,10424.99692394771,5984.3530835642305,"{np.int64(0): np.int64(62), np.int64(1): np.int64(6), np.int64(2): np.int64(9), np.int64(3): np.int64(7), np.int64(4): np.int64(38), np.int64(5): np.int64(16)}"
30,Layer 1 Down,138,7,0.2632923984504869,1.4048182330037466,25.62567386488265,10489.35509508005,5308.116072351799,"{np.int64(0): np.int64(60), np.int64(1): np.int64(5), np.int64(2): np.int64(6), np.int64(3): np.int64(7), np.int64(4): np.int64(38), np.int64(5): np.int64(16), np.int64(6): np.int64(6)}"
30,Layer 1 Down,138,8,0.2522507086025602,1.430556785779047,25.48479715866986,10683.552092009068,4761.717886936041,"{np.int64(0): np.int64(58), np.int64(1): np.int64(5), np.int64(2): np.int64(6), np.int64(3): np.int64(35), np.int64(4): np.int64(17), np.int64(5): np.int64(7), np.int64(6): np.int64(8), np.int64(7): np.int64(2)}"
30,Layer 1 Down,138,9,0.26284757001517295,1.3533789211138711,26.21985229767663,10872.902647056439,4210.473259638639,"{np.int64(0): np.int64(56), np.int64(1): np.int64(5), np.int64(2): np.int64(6), np.int64(3): np.int64(33), np.int64(4): np.int64(18), np.int64(5): np.int64(7), np.int64(6): np.int64(8), np.int64(7): np.int64(2), np.int64(8): np.int64(3)}"
30,Layer 1 Up,208,2,0.33923311835107484,1.8860052712753035,51.35341200019499,22560.894754676967,20394.83254095081,"{np.int64(0): np.int64(57), np.int64(1): np.int64(151)}"
30,Layer 1 Up,208,3,0.34731132770803785,2.2513752480845652,35.7796108155892,21521.381430061818,18270.619340432735,"{np.int64(0): np.int64(16), np.int64(1): np.int64(152), np.int64(2): np.int64(40)}"
30,Layer 1 Up,208,4,0.20045606143910039,2.0787478430107234,33.83015983659663,22160.344737291747,17824.882771759738,"{np.int64(0): np.int64(11), np.int64(1): np.int64(106), np.int64(2): np.int64(34), np.int64(3): np.int64(57)}"
30,Layer 1 Up,208,5,0.09858963636497894,2.417979051894725,27.205486453120496,22520.559517922382,17100.397676487442,"{np.int64(0): np.int64(11), np.int64(1): np.int64(41), np.int64(2): np.int64(33), np.int64(3): np.int64(55), np.int64(4): np.int64(68)}"
30,Layer 1 Up,208,6,0.20804193940452664,1.9840681224535477,28.495449296741818,19314.07476999484,12809.213052656974,"{np.int64(0): np.int64(12), np.int64(1): np.int64(18), np.int64(2): np.int64(29), np.int64(3): np.int64(49), np.int64(4): np.int64(86), np.int64(5): np.int64(14)}"
30,Layer 1 Up,208,7,0.21330051189338575,1.8293056058531256,26.84237335563147,19976.68007868938,12387.118485448584,"{np.int64(0): np.int64(12), np.int64(1): np.int64(16), np.int64(2): np.int64(29), np.int64(3): np.int64(49), np.int64(4): np.int64(86), np.int64(5): np.int64(14), np.int64(6): np.int64(2)}"
30,Layer 1 Up,208,8,0.24617032218349713,1.4515586458253529,29.510573675258588,20024.4571823961,11350.195713252375,"{np.int64(0): np.int64(13), np.int64(1): np.int64(97), np.int64(2): np.int64(9), np.int64(3): np.int64(49), np.int64(4): np.int64(11), np.int64(5): np.int64(2), np.int64(6): np.int64(23), np.int64(7): np.int64(4)}"
30,Layer 1 Up,208,9,0.2174382954991998,2.0117084091370825,22.69528304050479,19244.161122863614,9485.199777816963,"{np.int64(0): np.int64(8), np.int64(1): np.int64(95), np.int64(2): np.int64(16), np.int64(3): np.int64(33), np.int64(4): np.int64(11), np.int64(5): np.int64(2), np.int64(6): np.int64(12), np.int64(7): np.int64(4), np.int64(8): np.int64(27)}"
30,Layer 2 Down,135,2,0.3716972571190758,1.7163246504325345,37.17822783947238,12734.126135304445,11394.794462444328,"{np.int64(0): np.int64(32), np.int64(1): np.int64(103)}"
30,Layer 2 Down,135,3,0.37390026564736245,1.7271024689222347,26.670557446495017,11344.261865926119,9333.811719246725,"{np.int64(0): np.int64(8), np.int64(1): np.int64(96), np.int64(2): np.int64(31)}"
30,Layer 2 Down,135,4,0.39758149308542245,1.695391164621706,25.718173537499606,9805.131443317063,7123.562822818392,"{np.int64(0): np.int64(8), np.int64(1): np.int64(96), np.int64(2): np.int64(17), np.int64(3): np.int64(14)}"
30,Layer 2 Down,135,5,0.36076751610826263,1.269428388271379,21.383131552365363,11259.214375301253,7906.527280983306,"{np.int64(0): np.int64(7), np.int64(1): np.int64(96), np.int64(2): np.int64(8), np.int64(3): np.int64(1), np.int64(4): np.int64(23)}"
30,Layer 2 Down,135,6,0.2933427079707234,1.4172387746221433,19.58346925710021,10147.021584820983,6123.2160166837575,"{np.int64(0): np.int64(7), np.int64(1): np.int64(86), np.int64(2): np.int64(8), np.int64(3): np.int64(1), np.int64(4): np.int64(19), np.int64(5): np.int64(14)}"
30,Layer 2 Down,135,7,0.2560947817835087,1.3247305184664462,21.665809172319538,10100.67971261539,5405.755670658889,"{np.int64(0): np.int64(7), np.int64(1): np.int64(64), np.int64(2): np.int64(7), np.int64(3): np.int64(1), np.int64(4): np.int64(17), np.int64(5): np.int64(7), np.int64(6): np.int64(32)}"
30,Layer 2 Down,135,8,0.286920150242864,1.2281520844993272,24.719004790291745,9663.477515403616,4297.434999627836,"{np.int64(0): np.int64(7), np.int64(1): np.int64(64), np.int64(2): np.int64(7), np.int64(3): np.int64(13), np.int64(4): np.int64(7), np.int64(5): np.int64(32), np.int64(6): np.int64(2), np.int64(7): np.int64(3)}"
30,Layer 2 Down,135,9,0.295667565815106,1.2344801769494957,24.08407314726557,10168.651691047853,4131.490701452795,"{np.int64(0): np.int64(7), np.int64(1): np.int64(64), np.int64(2): np.int64(5), np.int64(3): np.int64(12), np.int64(4): np.int64(7), np.int64(5): np.int64(32), np.int64(6): np.int64(2), np.int64(7): np.int64(3), np.int64(8): np.int64(3)}"
30,Layer 2 Up,175,2,0.2822204858517228,2.0529498593124766,30.8875883859103,15526.287796227134,13928.070879395758,"{np.int64(0): np.int64(106), np.int64(1): np.int64(69)}"
30,Layer 2 Up,175,3,0.28365871310477836,1.4721259662872779,38.60205470974209,15740.44710131484,13341.539333080817,"{np.int64(0): np.int64(103), np.int64(1): np.int64(70), np.int64(2): np.int64(2)}"
30,Layer 2 Up,175,4,0.2999059452875848,1.2774895912660407,46.67394034151039,16067.986648675284,12868.388029038611,"{np.int64(0): np.int64(101), np.int64(1): np.int64(45), np.int64(2): np.int64(2), np.int64(3): np.int64(27)}"
30,Layer 2 Up,175,5,0.3218429083494533,1.1927829316810503,48.720596079624684,13726.443236210634,9726.153765171313,"{np.int64(0): np.int64(101), np.int64(1): np.int64(45), np.int64(2): np.int64(2), np.int64(3): np.int64(15), np.int64(4): np.int64(12)}"
30,Layer 2 Up,175,6,0.1561030391620063,1.497503836074025,42.0538173100283,14262.212699993914,9461.232377551944,"{np.int64(0): np.int64(61), np.int64(1): np.int64(44), np.int64(2): np.int64(2), np.int64(3): np.int64(15), np.int64(4): np.int64(41), np.int64(5): np.int64(12)}"
30,Layer 2 Up,175,7,0.16592095106285965,1.5898591322420195,38.907423719110845,13499.20758953624,7897.5364156916185,"{np.int64(0): np.int64(62), np.int64(1): np.int64(39), np.int64(2): np.int64(2), np.int64(3): np.int64(14), np.int64(4): np.int64(40), np.int64(5): np.int64(9), np.int64(6): np.int64(9)}"
30,Layer 2 Up,175,8,0.2827147558537066,1.469580297468425,37.01371451120424,12715.065068117834,6312.703042870565,"{np.int64(0): np.int64(88), np.int64(1): np.int64(30), np.int64(2): np.int64(2), np.int64(3): np.int64(13), np.int64(4): np.int64(15), np.int64(5): np.int64(4), np.int64(6): np.int64(7), np.int64(7): np.int64(16)}"
30,Layer 2 Up,175,9,0.30076838366804937,1.3789133050637674,37.20316027509954,12854.482065588862,5651.429188938943,"{np.int64(0): np.int64(88), np.int64(1): np.int64(31), np.int64(2): np.int64(2), np.int64(3): np.int64(13), np.int64(4): np.int64(15), np.int64(5): np.int64(4), np.int64(6): np.int64(7), np.int64(7): np.int64(12), np.int64(8): np.int64(3)}"
30,Layer 3 Down,127,2,0.24318724406910533,1.897833717246578,24.41338200500787,11431.050645047306,10239.336255821156,"{np.int64(0): np.int64(88), np.int64(1): np.int64(39)}"
30,Layer 3 Down,127,3,0.28969861641032296,1.5670710642033594,30.960608797038635,9949.861137901025,8160.867460518572,"{np.int64(0): np.int64(76), np.int64(1): np.int64(37), np.int64(2): np.int64(14)}"
30,Layer 3 Down,127,4,0.295464320942157,1.56708859452428,26.362478684184072,9455.332811015256,7069.059845476499,"{np.int64(0): np.int64(73), np.int64(1): np.int64(32), np.int64(2): np.int64(14), np.int64(3): np.int64(8)}"
30,Layer 3 Down,127,5,0.2932331232242958,1.471574368161655,26.463167242452254,8605.707685710797,5622.155432015735,"{np.int64(0): np.int64(70), np.int64(1): np.int64(8), np.int64(2): np.int64(14), np.int64(3): np.int64(8), np.int64(4): np.int64(27)}"
30,Layer 3 Down,127,6,0.3051866627245161,1.318084680093779,25.409061358999157,8871.651552175394,5290.820010324028,"{np.int64(0): np.int64(71), np.int64(1): np.int64(8), np.int64(2): np.int64(12), np.int64(3): np.int64(5), np.int64(4): np.int64(27), np.int64(5): np.int64(4)}"
30,Layer 3 Down,127,7,0.30873609075675257,1.3639846920789613,23.474274365140857,7790.455603456902,3612.3447734492324,"{np.int64(0): np.int64(73), np.int64(1): np.int64(8), np.int64(2): np.int64(12), np.int64(3): np.int64(5), np.int64(4): np.int64(17), np.int64(5): np.int64(4), np.int64(6): np.int64(8)}"
30,Layer 3 Down,127,8,0.24015401416300317,1.5024084424762878,21.80937547257149,7072.480165572339,2297.0900474083637,"{np.int64(0): np.int64(67), np.int64(1): np.int64(12), np.int64(2): np.int64(11), np.int64(3): np.int64(7), np.int64(4): np.int64(2), np.int64(5): np.int64(8), np.int64(6): np.int64(6), np.int64(7): np.int64(14)}"
30,Layer 3 Down,127,9,0.23832011337409467,1.4435040311358476,21.052841284195615,7395.987955882289,2023.3185495620087,"{np.int64(0): np.int64(67), np.int64(1): np.int64(13), np.int64(2): np.int64(11), np.int64(3): np.int64(7), np.int64(4): np.int64(2), np.int64(5): np.int64(7), np.int64(6): np.int64(4), np.int64(7): np.int64(12), np.int64(8): np.int64(4)}"
30,Layer 3 Up,150,2,0.4300880973682238,1.5705736218774167,36.54691753124581,13989.183136747884,12468.812313229275,"{np.int64(0): np.int64(19), np.int64(1): np.int64(131)}"
30,Layer 3 Up,150,3,0.40325419404327967,1.3397461897146004,28.674047168906853,13121.939998712645,10839.878445787685,"{np.int64(0): np.int64(17), np.int64(1): np.int64(127), np.int64(2): np.int64(6)}"
30,Layer 3 Up,150,4,0.40444145622818417,1.3306264262550642,25.553919537682617,12008.728190190366,8964.97590785905,"{np.int64(0): np.int64(9), np.int64(1): np.int64(126), np.int64(2): np.int64(6), np.int64(3): np.int64(9)}"
30,Layer 3 Up,150,5,0.26120940375833324,1.4139614444396187,31.524202846791948,11706.00529620659,7900.562284468923,"{np.int64(0): np.int64(9), np.int64(1): np.int64(65), np.int64(2): np.int64(5), np.int64(3): np.int64(9), np.int64(4): np.int64(62)}"
30,Layer 3 Up,150,6,0.2478181039409363,1.4613196509520616,23.95253386924181,12066.885306391901,7499.751565247881,"{np.int64(0): np.int64(9), np.int64(1): np.int64(65), np.int64(2): np.int64(1), np.int64(3): np.int64(10), np.int64(4): np.int64(56), np.int64(5): np.int64(9)}"
30,Layer 3 Up,150,7,0.2525716539709315,1.3729200372878478,22.540118034264214,12843.844732658934,7515.02026210856,"{np.int64(0): np.int64(10), np.int64(1): np.int64(65), np.int64(2): np.int64(1), np.int64(3): np.int64(7), np.int64(4): np.int64(56), np.int64(5): np.int64(9), np.int64(6): np.int64(2)}"
30,Layer 3 Up,150,8,0.28767611552622263,1.2902577306561438,24.042339887990266,11683.865784804671,5593.350584847947,"{np.int64(0): np.int64(9), np.int64(1): np.int64(9), np.int64(2): np.int64(4), np.int64(3): np.int64(44), np.int64(4): np.int64(8), np.int64(5): np.int64(68), np.int64(6): np.int64(5), np.int64(7): np.int64(3)}"
30,Layer 3 Up,150,9,0.29426573036128967,1.2092184380620918,22.34314839270941,12243.827525213761,5391.621595850685,"{np.int64(0): np.int64(9), np.int64(1): np.int64(9), np.int64(2): np.int64(4), np.int64(3): np.int64(42), np.int64(4): np.int64(8), np.int64(5): np.int64(68), np.int64(6): np.int64(5), np.int64(7): np.int64(3), np.int64(8): np.int64(2)}"
